ctime,datname,pid,usesysid,usename,application_name,client_addr,client_port,backend_start,xact_start,query_start,waiting,query,state,state_change
1416688444.16392,dbt3,30023,10,mark,psql,,-1,2014-11-22 21:34:04.160742+01,2014-11-22 21:34:04.162141+01,2014-11-22 21:34:04.162346+01,f,"EXPLAIN
select
	s_name,
	count(*) as numwait
from
	supplier,
	lineitem l1,
	orders,
	nation
where
	s_suppkey = l1.l_suppkey
	and o_orderkey = l1.l_orderkey
	and o_orderstatus = 'F'
	and l1.l_receiptdate > l1.l_commitdate
	and exists (
		select
			*
		from
			lineitem l2
		where
			l2.l_orderkey = l1.l_orderkey
			and l2.l_suppkey <> l1.l_suppkey
	)
	and not exists (
		select
			*
		from
			lineitem l3
		where
			l3.l_orderkey = l1.l_orderkey
			and l3.l_suppkey <> l1.l_suppkey
			and l3.l_receiptdate > l3.l_commitdate
	)
	and s_nationkey = n_nationkey
	and n_name = 'MOZAMBIQUE'
group by
	s_name
order by
	numwait desc,
	s_name
LIMIT 100;",active,2014-11-22 21:34:04.162348+01
1416688444.16392,dbt3,30030,10,mark,psql,,-1,2014-11-22 21:34:04.162474+01,2014-11-22 21:34:04.163823+01,2014-11-22 21:34:04.163823+01,f,"COPY (SELECT EXTRACT(EPOCH FROM TRANSACTION_TIMESTAMP()) AS ctime, relname, pid, mode, granted FROM pg_locks, pg_class WHERE relfilenode = relation ORDER BY relname) TO STDOUT (FORMAT CSV, HEADER);",active,2014-11-22 21:34:04.163828+01
1416688444.16392,dbt3,30031,10,mark,psql,,-1,2014-11-22 21:34:04.162562+01,2014-11-22 21:34:04.163918+01,2014-11-22 21:34:04.163918+01,f,"COPY (SELECT EXTRACT(EPOCH FROM TRANSACTION_TIMESTAMP()) AS ctime, datname, pid, usesysid, usename, application_name, client_addr, client_port, backend_start, xact_start, query_start, waiting, query , state, state_change FROM pg_stat_activity) TO STDOUT (FORMAT CSV, HEADER);",active,2014-11-22 21:34:04.163922+01
1416688444.16392,dbt3,30032,10,mark,psql,,-1,2014-11-22 21:34:04.16321+01,2014-11-22 21:34:04.164737+01,2014-11-22 21:34:04.164737+01,f,"COPY (SELECT EXTRACT(EPOCH FROM TRANSACTION_TIMESTAMP()) AS ctime, datname, numbackends, xact_commit, xact_rollback, blks_read, blks_hit, tup_returned, tup_fetched, tup_inserted, tup_updated, tup_deleted FROM pg_stat_database) TO STDOUT (FORMAT CSV, HEADER);",active,2014-11-22 21:34:04.164741+01
1416688444.16392,dbt3,30034,10,mark,psql,,-1,2014-11-22 21:34:04.163317+01,2014-11-22 21:34:04.164718+01,2014-11-22 21:34:04.164718+01,f,"COPY (SELECT EXTRACT(EPOCH FROM TRANSACTION_TIMESTAMP()) AS ctime, a.schemaname, a.relname, a.indexrelname, idx_scan, idx_tup_read, idx_tup_fetch, idx_blks_read, idx_blks_hit FROM pg_stat_all_indexes a, pg_statio_all_indexes b WHERE a.indexrelid = b.indexrelid) TO STDOUT (FORMAT CSV, HEADER);",active,2014-11-22 21:34:04.164722+01
1416688444.16392,dbt3,30035,10,mark,psql,,-1,2014-11-22 21:34:04.16338+01,2014-11-22 21:34:04.164827+01,2014-11-22 21:34:04.164827+01,f,"COPY (SELECT EXTRACT(EPOCH FROM TRANSACTION_TIMESTAMP()) AS ctime, a.schemaname, a.relname, seq_scan, seq_tup_read, idx_scan, idx_tup_fetch, n_tup_ins, n_tup_upd, n_tup_del, n_tup_hot_upd, n_live_tup, n_dead_tup, heap_blks_read, heap_blks_hit, idx_blks_read, idx_blks_hit, toast_blks_read, toast_blks_hit, tidx_blks_read, tidx_blks_hit FROM pg_statio_all_tables a, pg_stat_all_tables b WHERE a.relid = b.relid) TO STDOUT (FORMAT CSV, HEADER);",active,2014-11-22 21:34:04.164831+01
1416688504.16698,dbt3,30373,10,mark,psql,,-1,2014-11-22 21:34:44.386523+01,2014-11-22 21:34:44.388181+01,2014-11-22 21:34:44.388366+01,f,"EXPLAIN (ANALYZE, BUFFERS)
select
	l_orderkey,
	sum(l_extendedprice * (1 - l_discount)) as revenue,
	o_orderdate,
	o_shippriority
from
	customer,
	orders,
	lineitem
where
	c_mktsegment = 'AUTOMOBILE'
	and c_custkey = o_custkey
	and l_orderkey = o_orderkey
	and o_orderdate < date '1995-03-04'
	and l_shipdate > date '1995-03-04'
group by
	l_orderkey,
	o_orderdate,
	o_shippriority
order by
	revenue desc,
	o_orderdate
LIMIT 10;",active,2014-11-22 21:34:44.388367+01
1416688504.16698,dbt3,30421,10,mark,psql,,-1,2014-11-22 21:35:02.79404+01,2014-11-22 21:35:02.79571+01,2014-11-22 21:35:02.795915+01,f,"EXPLAIN (ANALYZE, BUFFERS)
select
	p_brand,
	p_type,
	p_size,
	count(distinct ps_suppkey) as supplier_cnt
from
	partsupp,
	part
where
	p_partkey = ps_partkey
	and p_brand <> 'Brand#22'
	and p_type not like 'SMALL BURNISHED%'
	and p_size in (9, 42, 19, 17, 44, 39, 8, 22)
	and ps_suppkey not in (
		select
			s_suppkey
		from
			supplier
		where
			s_comment like '%Customer%Complaints%'
	)
group by
	p_brand,
	p_type,
	p_size
order by
	supplier_cnt desc,
	p_brand,
	p_type,
	p_size;",active,2014-11-22 21:35:02.795917+01
1416688504.16698,dbt3,30409,10,mark,psql,,-1,2014-11-22 21:34:57.996839+01,2014-11-22 21:34:57.998329+01,2014-11-22 21:34:58.020105+01,f,"DELETE FROM lineitem
USING tmp_orderkey4
WHERE l_orderkey = orderkey;",active,2014-11-22 21:34:58.020106+01
1416688504.16698,dbt3,30429,10,mark,psql,,-1,2014-11-22 21:35:04.165198+01,2014-11-22 21:35:04.166872+01,2014-11-22 21:35:04.166872+01,f,"COPY (SELECT EXTRACT(EPOCH FROM TRANSACTION_TIMESTAMP()) AS ctime, relname, pid, mode, granted FROM pg_locks, pg_class WHERE relfilenode = relation ORDER BY relname) TO STDOUT (FORMAT CSV);",active,2014-11-22 21:35:04.166877+01
1416688504.16698,dbt3,30430,10,mark,psql,,-1,2014-11-22 21:35:04.165333+01,2014-11-22 21:35:04.166982+01,2014-11-22 21:35:04.166982+01,f,"COPY (SELECT EXTRACT(EPOCH FROM TRANSACTION_TIMESTAMP()) AS ctime, datname, pid, usesysid, usename, application_name, client_addr, client_port, backend_start, xact_start, query_start, waiting, query , state, state_change FROM pg_stat_activity) TO STDOUT (FORMAT CSV);",active,2014-11-22 21:35:04.166986+01
1416688504.16698,dbt3,30431,10,mark,psql,,-1,2014-11-22 21:35:04.165434+01,2014-11-22 21:35:04.166959+01,2014-11-22 21:35:04.166959+01,f,"COPY (SELECT EXTRACT(EPOCH FROM TRANSACTION_TIMESTAMP()) AS ctime, a.schemaname, a.relname, seq_scan, seq_tup_read, idx_scan, idx_tup_fetch, n_tup_ins, n_tup_upd, n_tup_del, n_tup_hot_upd, n_live_tup, n_dead_tup, heap_blks_read, heap_blks_hit, idx_blks_read, idx_blks_hit, toast_blks_read, toast_blks_hit, tidx_blks_read, tidx_blks_hit FROM pg_statio_all_tables a, pg_stat_all_tables b WHERE a.relid = b.relid) TO STDOUT (FORMAT CSV);",active,2014-11-22 21:35:04.166964+01
1416688504.16698,dbt3,30432,10,mark,psql,,-1,2014-11-22 21:35:04.165503+01,2014-11-22 21:35:04.166994+01,2014-11-22 21:35:04.166994+01,f,"COPY (SELECT EXTRACT(EPOCH FROM TRANSACTION_TIMESTAMP()) AS ctime, a.schemaname, a.relname, a.indexrelname, idx_scan, idx_tup_read, idx_tup_fetch, idx_blks_read, idx_blks_hit FROM pg_stat_all_indexes a, pg_statio_all_indexes b WHERE a.indexrelid = b.indexrelid) TO STDOUT (FORMAT CSV);",active,2014-11-22 21:35:04.166998+01
1416688504.16698,dbt3,30433,10,mark,psql,,-1,2014-11-22 21:35:04.165627+01,2014-11-22 21:35:04.16708+01,2014-11-22 21:35:04.16708+01,f,"COPY (SELECT EXTRACT(EPOCH FROM TRANSACTION_TIMESTAMP()) AS ctime, datname, numbackends, xact_commit, xact_rollback, blks_read, blks_hit, tup_returned, tup_fetched, tup_inserted, tup_updated, tup_deleted FROM pg_stat_database) TO STDOUT (FORMAT CSV);",active,2014-11-22 21:35:04.167085+01
1416688564.16891,dbt3,30470,10,mark,psql,,-1,2014-11-22 21:35:21.862617+01,2014-11-22 21:35:21.864273+01,2014-11-22 21:35:21.864449+01,f,"EXPLAIN (ANALYZE, BUFFERS)
select
	c_name,
	c_custkey,
	o_orderkey,
	o_orderdate,
	o_totalprice,
	sum(l_quantity)
from
	customer,
	orders,
	lineitem
where
	o_orderkey in (
		select
			l_orderkey
		from
			lineitem
		group by
			l_orderkey having
				sum(l_quantity) > 315
	)
	and c_custkey = o_custkey
	and o_orderkey = l_orderkey
group by
	c_name,
	c_custkey,
	o_orderkey,
	o_orderdate,
	o_totalprice
order by
	o_totalprice desc,
	o_orderdate
LIMIT 100;",active,2014-11-22 21:35:21.864451+01
1416688564.16891,dbt3,30492,10,mark,psql,,-1,2014-11-22 21:35:50.593139+01,2014-11-22 21:35:50.594798+01,2014-11-22 21:35:50.595002+01,f,"EXPLAIN (ANALYZE, BUFFERS)
select
	nation,
	o_year,
	sum(amount) as sum_profit
from
	(
		select
			n_name as nation,
			extract(year from o_orderdate) as o_year,
			l_extendedprice * (1 - l_discount) - ps_supplycost * l_quantity as amount
		from
			part,
			supplier,
			lineitem,
			partsupp,
			orders,
			nation
		where
			s_suppkey = l_suppkey
			and ps_suppkey = l_suppkey
			and ps_partkey = l_partkey
			and p_partkey = l_partkey
			and o_orderkey = l_orderkey
			and s_nationkey = n_nationkey
			and p_name like '%peru%'
	) as profit
group by
	nation,
	o_year
order by
	nation,
	o_year desc;",active,2014-11-22 21:35:50.595003+01
1416688564.16891,dbt3,30500,10,mark,psql,,-1,2014-11-22 21:36:04.167082+01,2014-11-22 21:36:04.168947+01,2014-11-22 21:36:04.168947+01,f,"COPY (SELECT EXTRACT(EPOCH FROM TRANSACTION_TIMESTAMP()) AS ctime, a.schemaname, a.relname, seq_scan, seq_tup_read, idx_scan, idx_tup_fetch, n_tup_ins, n_tup_upd, n_tup_del, n_tup_hot_upd, n_live_tup, n_dead_tup, heap_blks_read, heap_blks_hit, idx_blks_read, idx_blks_hit, toast_blks_read, toast_blks_hit, tidx_blks_read, tidx_blks_hit FROM pg_statio_all_tables a, pg_stat_all_tables b WHERE a.relid = b.relid) TO STDOUT (FORMAT CSV);",active,2014-11-22 21:36:04.168952+01
1416688564.16891,dbt3,30501,10,mark,psql,,-1,2014-11-22 21:36:04.167184+01,2014-11-22 21:36:04.168915+01,2014-11-22 21:36:04.168915+01,f,"COPY (SELECT EXTRACT(EPOCH FROM TRANSACTION_TIMESTAMP()) AS ctime, relname, pid, mode, granted FROM pg_locks, pg_class WHERE relfilenode = relation ORDER BY relname) TO STDOUT (FORMAT CSV);",active,2014-11-22 21:36:04.168919+01
1416688564.16891,dbt3,30502,10,mark,psql,,-1,2014-11-22 21:36:04.167279+01,2014-11-22 21:36:04.168883+01,2014-11-22 21:36:04.168883+01,f,"COPY (SELECT EXTRACT(EPOCH FROM TRANSACTION_TIMESTAMP()) AS ctime, datname, numbackends, xact_commit, xact_rollback, blks_read, blks_hit, tup_returned, tup_fetched, tup_inserted, tup_updated, tup_deleted FROM pg_stat_database) TO STDOUT (FORMAT CSV);",active,2014-11-22 21:36:04.168888+01
1416688564.16891,dbt3,30503,10,mark,psql,,-1,2014-11-22 21:36:04.167359+01,2014-11-22 21:36:04.168908+01,2014-11-22 21:36:04.168908+01,f,"COPY (SELECT EXTRACT(EPOCH FROM TRANSACTION_TIMESTAMP()) AS ctime, datname, pid, usesysid, usename, application_name, client_addr, client_port, backend_start, xact_start, query_start, waiting, query , state, state_change FROM pg_stat_activity) TO STDOUT (FORMAT CSV);",active,2014-11-22 21:36:04.168913+01
1416688564.16891,dbt3,30504,10,mark,psql,,-1,2014-11-22 21:36:04.167467+01,2014-11-22 21:36:04.169003+01,2014-11-22 21:36:04.169003+01,f,"COPY (SELECT EXTRACT(EPOCH FROM TRANSACTION_TIMESTAMP()) AS ctime, a.schemaname, a.relname, a.indexrelname, idx_scan, idx_tup_read, idx_tup_fetch, idx_blks_read, idx_blks_hit FROM pg_stat_all_indexes a, pg_statio_all_indexes b WHERE a.indexrelid = b.indexrelid) TO STDOUT (FORMAT CSV);",active,2014-11-22 21:36:04.169007+01
1416688624.17064,dbt3,30541,10,mark,psql,,-1,2014-11-22 21:36:51.092631+01,2014-11-22 21:36:51.096033+01,2014-11-22 21:36:51.096474+01,f,"EXPLAIN (ANALYZE, BUFFERS)
select
	supp_nation,
	cust_nation,
	l_year,
	sum(volume) as revenue
from
	(
		select
			n1.n_name as supp_nation,
			n2.n_name as cust_nation,
			extract(year from l_shipdate) as l_year,
			l_extendedprice * (1 - l_discount) as volume
		from
			supplier,
			lineitem,
			orders,
			customer,
			nation n1,
			nation n2
		where
			s_suppkey = l_suppkey
			and o_orderkey = l_orderkey
			and c_custkey = o_custkey
			and s_nationkey = n1.n_nationkey
			and c_nationkey = n2.n_nationkey
			and (
				(n1.n_name = 'ARGENTINA' and n2.n_name = 'ETHIOPIA')
				or (n1.n_name = 'ETHIOPIA' and n2.n_name = 'ARGENTINA')
			)
			and l_shipdate between date '1995-01-01' and date '1996-12-31'
	) as shipping
group by
	supp_nation,
	cust_nation,
	l_year
order by
	supp_nation,
	cust_nation,
	l_year;",active,2014-11-22 21:36:51.096478+01
1416688624.17064,dbt3,30492,10,mark,psql,,-1,2014-11-22 21:35:50.593139+01,2014-11-22 21:35:50.594798+01,2014-11-22 21:35:50.595002+01,f,"EXPLAIN (ANALYZE, BUFFERS)
select
	nation,
	o_year,
	sum(amount) as sum_profit
from
	(
		select
			n_name as nation,
			extract(year from o_orderdate) as o_year,
			l_extendedprice * (1 - l_discount) - ps_supplycost * l_quantity as amount
		from
			part,
			supplier,
			lineitem,
			partsupp,
			orders,
			nation
		where
			s_suppkey = l_suppkey
			and ps_suppkey = l_suppkey
			and ps_partkey = l_partkey
			and p_partkey = l_partkey
			and o_orderkey = l_orderkey
			and s_nationkey = n_nationkey
			and p_name like '%peru%'
	) as profit
group by
	nation,
	o_year
order by
	nation,
	o_year desc;",active,2014-11-22 21:35:50.595003+01
1416688624.17064,dbt3,30550,10,mark,psql,,-1,2014-11-22 21:37:04.168848+01,2014-11-22 21:37:04.170604+01,2014-11-22 21:37:04.170604+01,f,"COPY (SELECT EXTRACT(EPOCH FROM TRANSACTION_TIMESTAMP()) AS ctime, a.schemaname, a.relname, seq_scan, seq_tup_read, idx_scan, idx_tup_fetch, n_tup_ins, n_tup_upd, n_tup_del, n_tup_hot_upd, n_live_tup, n_dead_tup, heap_blks_read, heap_blks_hit, idx_blks_read, idx_blks_hit, toast_blks_read, toast_blks_hit, tidx_blks_read, tidx_blks_hit FROM pg_statio_all_tables a, pg_stat_all_tables b WHERE a.relid = b.relid) TO STDOUT (FORMAT CSV);",active,2014-11-22 21:37:04.17061+01
1416688624.17064,dbt3,30551,10,mark,psql,,-1,2014-11-22 21:37:04.168928+01,2014-11-22 21:37:04.170565+01,2014-11-22 21:37:04.170565+01,f,"COPY (SELECT EXTRACT(EPOCH FROM TRANSACTION_TIMESTAMP()) AS ctime, relname, pid, mode, granted FROM pg_locks, pg_class WHERE relfilenode = relation ORDER BY relname) TO STDOUT (FORMAT CSV);",active,2014-11-22 21:37:04.170571+01
1416688624.17064,dbt3,30549,10,mark,psql,,-1,2014-11-22 21:37:04.168766+01,2014-11-22 21:37:04.17064+01,2014-11-22 21:37:04.17064+01,f,"COPY (SELECT EXTRACT(EPOCH FROM TRANSACTION_TIMESTAMP()) AS ctime, datname, pid, usesysid, usename, application_name, client_addr, client_port, backend_start, xact_start, query_start, waiting, query , state, state_change FROM pg_stat_activity) TO STDOUT (FORMAT CSV);",active,2014-11-22 21:37:04.170644+01
1416688624.17064,dbt3,30552,10,mark,psql,,-1,2014-11-22 21:37:04.16905+01,2014-11-22 21:37:04.170636+01,2014-11-22 21:37:04.170636+01,f,"COPY (SELECT EXTRACT(EPOCH FROM TRANSACTION_TIMESTAMP()) AS ctime, datname, numbackends, xact_commit, xact_rollback, blks_read, blks_hit, tup_returned, tup_fetched, tup_inserted, tup_updated, tup_deleted FROM pg_stat_database) TO STDOUT (FORMAT CSV);",active,2014-11-22 21:37:04.170643+01
1416688624.17064,dbt3,30553,10,mark,psql,,-1,2014-11-22 21:37:04.169155+01,2014-11-22 21:37:04.170621+01,2014-11-22 21:37:04.170621+01,f,"COPY (SELECT EXTRACT(EPOCH FROM TRANSACTION_TIMESTAMP()) AS ctime, a.schemaname, a.relname, a.indexrelname, idx_scan, idx_tup_read, idx_tup_fetch, idx_blks_read, idx_blks_hit FROM pg_stat_all_indexes a, pg_statio_all_indexes b WHERE a.indexrelid = b.indexrelid) TO STDOUT (FORMAT CSV);",active,2014-11-22 21:37:04.170625+01
1416688684.17253,dbt3,30627,10,mark,psql,,-1,2014-11-22 21:37:45.883988+01,2014-11-22 21:37:45.887181+01,2014-11-22 21:37:45.887474+01,f,"EXPLAIN (ANALYZE, BUFFERS)
select
	l_shipmode,
	sum(case
		when o_orderpriority = '1-URGENT'
			or o_orderpriority = '2-HIGH'
			then 1
		else 0
	end) as high_line_count,
	sum(case
		when o_orderpriority <> '1-URGENT'
			and o_orderpriority <> '2-HIGH'
			then 1
		else 0
	end) as low_line_count
from
	orders,
	lineitem
where
	o_orderkey = l_orderkey
	and l_shipmode in ('TRUCK', 'RAIL')
	and l_commitdate < l_receiptdate
	and l_shipdate < l_commitdate
	and l_receiptdate >= date '1993-01-01'
	and l_receiptdate < date '1993-01-01' + interval '1 year'
group by
	l_shipmode
order by
	l_shipmode;",active,2014-11-22 21:37:45.887475+01
1416688684.17253,dbt3,30589,10,mark,psql,,-1,2014-11-22 21:37:26.708358+01,2014-11-22 21:37:26.710073+01,2014-11-22 21:37:26.714875+01,f,"EXPLAIN (ANALYZE, BUFFERS)
select
	s_suppkey,
	s_name,
	s_address,
	s_phone,
	total_revenue
from
	supplier,
	revenue2
where
	s_suppkey = supplier_no
	and total_revenue = (
		select
			max(total_revenue)
		from
			revenue2
	)
order by
	s_suppkey;",active,2014-11-22 21:37:26.714876+01
1416688684.17253,dbt3,30636,10,mark,psql,,-1,2014-11-22 21:38:04.170679+01,2014-11-22 21:38:04.172512+01,2014-11-22 21:38:04.172512+01,f,"COPY (SELECT EXTRACT(EPOCH FROM TRANSACTION_TIMESTAMP()) AS ctime, a.schemaname, a.relname, seq_scan, seq_tup_read, idx_scan, idx_tup_fetch, n_tup_ins, n_tup_upd, n_tup_del, n_tup_hot_upd, n_live_tup, n_dead_tup, heap_blks_read, heap_blks_hit, idx_blks_read, idx_blks_hit, toast_blks_read, toast_blks_hit, tidx_blks_read, tidx_blks_hit FROM pg_statio_all_tables a, pg_stat_all_tables b WHERE a.relid = b.relid) TO STDOUT (FORMAT CSV);",active,2014-11-22 21:38:04.172517+01
1416688684.17253,dbt3,30637,10,mark,psql,,-1,2014-11-22 21:38:04.170751+01,2014-11-22 21:38:04.172512+01,2014-11-22 21:38:04.172512+01,f,"COPY (SELECT EXTRACT(EPOCH FROM TRANSACTION_TIMESTAMP()) AS ctime, relname, pid, mode, granted FROM pg_locks, pg_class WHERE relfilenode = relation ORDER BY relname) TO STDOUT (FORMAT CSV);",active,2014-11-22 21:38:04.172517+01
1416688684.17253,dbt3,30635,10,mark,psql,,-1,2014-11-22 21:38:04.17059+01,2014-11-22 21:38:04.17253+01,2014-11-22 21:38:04.17253+01,f,"COPY (SELECT EXTRACT(EPOCH FROM TRANSACTION_TIMESTAMP()) AS ctime, datname, pid, usesysid, usename, application_name, client_addr, client_port, backend_start, xact_start, query_start, waiting, query , state, state_change FROM pg_stat_activity) TO STDOUT (FORMAT CSV);",active,2014-11-22 21:38:04.172535+01
1416688684.17253,dbt3,30638,10,mark,psql,,-1,2014-11-22 21:38:04.17086+01,2014-11-22 21:38:04.17253+01,2014-11-22 21:38:04.17253+01,f,"COPY (SELECT EXTRACT(EPOCH FROM TRANSACTION_TIMESTAMP()) AS ctime, datname, numbackends, xact_commit, xact_rollback, blks_read, blks_hit, tup_returned, tup_fetched, tup_inserted, tup_updated, tup_deleted FROM pg_stat_database) TO STDOUT (FORMAT CSV);",active,2014-11-22 21:38:04.172535+01
1416688684.17253,dbt3,30639,10,mark,psql,,-1,2014-11-22 21:38:04.17096+01,2014-11-22 21:38:04.172594+01,2014-11-22 21:38:04.172594+01,f,"COPY (SELECT EXTRACT(EPOCH FROM TRANSACTION_TIMESTAMP()) AS ctime, a.schemaname, a.relname, a.indexrelname, idx_scan, idx_tup_read, idx_tup_fetch, idx_blks_read, idx_blks_hit FROM pg_stat_all_indexes a, pg_statio_all_indexes b WHERE a.indexrelid = b.indexrelid) TO STDOUT (FORMAT CSV);",active,2014-11-22 21:38:04.172599+01
1416688744.17409,dbt3,30675,10,mark,psql,,-1,2014-11-22 21:38:29.132913+01,2014-11-22 21:38:29.134605+01,2014-11-22 21:38:29.139046+01,f,"EXPLAIN (ANALYZE, BUFFERS)
select
	s_suppkey,
	s_name,
	s_address,
	s_phone,
	total_revenue
from
	supplier,
	revenue1
where
	s_suppkey = supplier_no
	and total_revenue = (
		select
			max(total_revenue)
		from
			revenue1
	)
order by
	s_suppkey;",active,2014-11-22 21:38:29.139047+01
1416688744.17409,dbt3,30712,10,mark,psql,,-1,2014-11-22 21:38:55.561945+01,2014-11-22 21:38:55.563696+01,2014-11-22 21:38:55.563911+01,f,"EXPLAIN (ANALYZE, BUFFERS)
select
	l_shipmode,
	sum(case
		when o_orderpriority = '1-URGENT'
			or o_orderpriority = '2-HIGH'
			then 1
		else 0
	end) as high_line_count,
	sum(case
		when o_orderpriority <> '1-URGENT'
			and o_orderpriority <> '2-HIGH'
			then 1
		else 0
	end) as low_line_count
from
	orders,
	lineitem
where
	o_orderkey = l_orderkey
	and l_shipmode in ('RAIL', 'REG AIR')
	and l_commitdate < l_receiptdate
	and l_shipdate < l_commitdate
	and l_receiptdate >= date '1996-01-01'
	and l_receiptdate < date '1996-01-01' + interval '1 year'
group by
	l_shipmode
order by
	l_shipmode;",active,2014-11-22 21:38:55.563913+01
1416688744.17409,dbt3,30720,10,mark,psql,,-1,2014-11-22 21:39:04.172337+01,2014-11-22 21:39:04.174095+01,2014-11-22 21:39:04.174095+01,f,"COPY (SELECT EXTRACT(EPOCH FROM TRANSACTION_TIMESTAMP()) AS ctime, datname, pid, usesysid, usename, application_name, client_addr, client_port, backend_start, xact_start, query_start, waiting, query , state, state_change FROM pg_stat_activity) TO STDOUT (FORMAT CSV);",active,2014-11-22 21:39:04.174099+01
1416688744.17409,dbt3,30721,10,mark,psql,,-1,2014-11-22 21:39:04.172435+01,2014-11-22 21:39:04.174084+01,2014-11-22 21:39:04.174084+01,f,"COPY (SELECT EXTRACT(EPOCH FROM TRANSACTION_TIMESTAMP()) AS ctime, relname, pid, mode, granted FROM pg_locks, pg_class WHERE relfilenode = relation ORDER BY relname) TO STDOUT (FORMAT CSV);",active,2014-11-22 21:39:04.17409+01
1416688744.17409,dbt3,30722,10,mark,psql,,-1,2014-11-22 21:39:04.172546+01,2014-11-22 21:39:04.174219+01,2014-11-22 21:39:04.174219+01,f,"COPY (SELECT EXTRACT(EPOCH FROM TRANSACTION_TIMESTAMP()) AS ctime, a.schemaname, a.relname, seq_scan, seq_tup_read, idx_scan, idx_tup_fetch, n_tup_ins, n_tup_upd, n_tup_del, n_tup_hot_upd, n_live_tup, n_dead_tup, heap_blks_read, heap_blks_hit, idx_blks_read, idx_blks_hit, toast_blks_read, toast_blks_hit, tidx_blks_read, tidx_blks_hit FROM pg_statio_all_tables a, pg_stat_all_tables b WHERE a.relid = b.relid) TO STDOUT (FORMAT CSV);",active,2014-11-22 21:39:04.174223+01
1416688744.17409,dbt3,30723,10,mark,psql,,-1,2014-11-22 21:39:04.172627+01,2014-11-22 21:39:04.174192+01,2014-11-22 21:39:04.174192+01,f,"COPY (SELECT EXTRACT(EPOCH FROM TRANSACTION_TIMESTAMP()) AS ctime, datname, numbackends, xact_commit, xact_rollback, blks_read, blks_hit, tup_returned, tup_fetched, tup_inserted, tup_updated, tup_deleted FROM pg_stat_database) TO STDOUT (FORMAT CSV);",active,2014-11-22 21:39:04.174197+01
1416688744.17409,dbt3,30724,10,mark,psql,,-1,2014-11-22 21:39:04.172722+01,2014-11-22 21:39:04.174329+01,2014-11-22 21:39:04.174329+01,f,"COPY (SELECT EXTRACT(EPOCH FROM TRANSACTION_TIMESTAMP()) AS ctime, a.schemaname, a.relname, a.indexrelname, idx_scan, idx_tup_read, idx_tup_fetch, idx_blks_read, idx_blks_hit FROM pg_stat_all_indexes a, pg_statio_all_indexes b WHERE a.indexrelid = b.indexrelid) TO STDOUT (FORMAT CSV);",active,2014-11-22 21:39:04.174333+01
1416688804.17589,dbt3,30761,10,mark,psql,,-1,2014-11-22 21:39:34.845115+01,2014-11-22 21:39:34.846811+01,2014-11-22 21:39:34.847016+01,f,"EXPLAIN (ANALYZE, BUFFERS)
select
	c_custkey,
	c_name,
	sum(l_extendedprice * (1 - l_discount)) as revenue,
	c_acctbal,
	n_name,
	c_address,
	c_phone,
	c_comment
from
	customer,
	orders,
	lineitem,
	nation
where
	c_custkey = o_custkey
	and l_orderkey = o_orderkey
	and o_orderdate >= date '1994-11-01'
	and o_orderdate < cast(date '1994-11-01' + interval '3 month' as date)
	and l_returnflag = 'R'
	and c_nationkey = n_nationkey
group by
	c_custkey,
	c_name,
	c_acctbal,
	c_phone,
	n_name,
	c_address,
	c_comment
order by
	revenue desc
LIMIT 20;",active,2014-11-22 21:39:34.847018+01
1416688804.17589,dbt3,30773,10,mark,psql,,-1,2014-11-22 21:39:50.868241+01,2014-11-22 21:39:50.870006+01,2014-11-22 21:39:50.870215+01,f,"EXPLAIN (ANALYZE, BUFFERS)
select
	c_count,
	count(*) as custdist
from
	(
		select
			c_custkey,
			count(o_orderkey)
		from
			customer left outer join orders on
				c_custkey = o_custkey
				and o_comment not like '%pending%packages%'
		group by
			c_custkey
	) as c_orders (c_custkey, c_count)
group by
	c_count
order by
	custdist desc,
	c_count desc;",active,2014-11-22 21:39:50.870217+01
1416688804.17589,dbt3,30782,10,mark,psql,,-1,2014-11-22 21:40:04.174204+01,2014-11-22 21:40:04.175866+01,2014-11-22 21:40:04.175866+01,f,"COPY (SELECT EXTRACT(EPOCH FROM TRANSACTION_TIMESTAMP()) AS ctime, relname, pid, mode, granted FROM pg_locks, pg_class WHERE relfilenode = relation ORDER BY relname) TO STDOUT (FORMAT CSV);",active,2014-11-22 21:40:04.175872+01
1416688804.17589,dbt3,30783,10,mark,psql,,-1,2014-11-22 21:40:04.174301+01,2014-11-22 21:40:04.17606+01,2014-11-22 21:40:04.17606+01,f,"COPY (SELECT EXTRACT(EPOCH FROM TRANSACTION_TIMESTAMP()) AS ctime, datname, numbackends, xact_commit, xact_rollback, blks_read, blks_hit, tup_returned, tup_fetched, tup_inserted, tup_updated, tup_deleted FROM pg_stat_database) TO STDOUT (FORMAT CSV);",active,2014-11-22 21:40:04.176064+01
1416688804.17589,dbt3,30781,10,mark,psql,,-1,2014-11-22 21:40:04.174117+01,2014-11-22 21:40:04.175895+01,2014-11-22 21:40:04.175895+01,f,"COPY (SELECT EXTRACT(EPOCH FROM TRANSACTION_TIMESTAMP()) AS ctime, datname, pid, usesysid, usename, application_name, client_addr, client_port, backend_start, xact_start, query_start, waiting, query , state, state_change FROM pg_stat_activity) TO STDOUT (FORMAT CSV);",active,2014-11-22 21:40:04.1759+01
1416688804.17589,dbt3,30784,10,mark,psql,,-1,2014-11-22 21:40:04.174388+01,2014-11-22 21:40:04.17601+01,2014-11-22 21:40:04.17601+01,f,"COPY (SELECT EXTRACT(EPOCH FROM TRANSACTION_TIMESTAMP()) AS ctime, a.schemaname, a.relname, seq_scan, seq_tup_read, idx_scan, idx_tup_fetch, n_tup_ins, n_tup_upd, n_tup_del, n_tup_hot_upd, n_live_tup, n_dead_tup, heap_blks_read, heap_blks_hit, idx_blks_read, idx_blks_hit, toast_blks_read, toast_blks_hit, tidx_blks_read, tidx_blks_hit FROM pg_statio_all_tables a, pg_stat_all_tables b WHERE a.relid = b.relid) TO STDOUT (FORMAT CSV);",active,2014-11-22 21:40:04.176015+01
1416688804.17589,dbt3,30785,10,mark,psql,,-1,2014-11-22 21:40:04.174484+01,2014-11-22 21:40:04.176045+01,2014-11-22 21:40:04.176045+01,f,"COPY (SELECT EXTRACT(EPOCH FROM TRANSACTION_TIMESTAMP()) AS ctime, a.schemaname, a.relname, a.indexrelname, idx_scan, idx_tup_read, idx_tup_fetch, idx_blks_read, idx_blks_hit FROM pg_stat_all_indexes a, pg_statio_all_indexes b WHERE a.indexrelid = b.indexrelid) TO STDOUT (FORMAT CSV);",active,2014-11-22 21:40:04.17605+01
1416688864.1778,dbt3,30858,10,mark,psql,,-1,2014-11-22 21:40:54.665026+01,2014-11-22 21:40:54.668321+01,2014-11-22 21:40:54.668728+01,f,"EXPLAIN (ANALYZE, BUFFERS)
select
	nation,
	o_year,
	sum(amount) as sum_profit
from
	(
		select
			n_name as nation,
			extract(year from o_orderdate) as o_year,
			l_extendedprice * (1 - l_discount) - ps_supplycost * l_quantity as amount
		from
			part,
			supplier,
			lineitem,
			partsupp,
			orders,
			nation
		where
			s_suppkey = l_suppkey
			and ps_suppkey = l_suppkey
			and ps_partkey = l_partkey
			and p_partkey = l_partkey
			and o_orderkey = l_orderkey
			and s_nationkey = n_nationkey
			and p_name like '%red%'
	) as profit
group by
	nation,
	o_year
order by
	nation,
	o_year desc;",active,2014-11-22 21:40:54.668731+01
1416688864.1778,dbt3,30821,10,mark,psql,,-1,2014-11-22 21:40:15.71613+01,2014-11-22 21:40:15.717901+01,2014-11-22 21:40:15.718108+01,f,"EXPLAIN (ANALYZE, BUFFERS)
select
	c_name,
	c_custkey,
	o_orderkey,
	o_orderdate,
	o_totalprice,
	sum(l_quantity)
from
	customer,
	orders,
	lineitem
where
	o_orderkey in (
		select
			l_orderkey
		from
			lineitem
		group by
			l_orderkey having
				sum(l_quantity) > 312
	)
	and c_custkey = o_custkey
	and o_orderkey = l_orderkey
group by
	c_name,
	c_custkey,
	o_orderkey,
	o_orderdate,
	o_totalprice
order by
	o_totalprice desc,
	o_orderdate
LIMIT 100;",active,2014-11-22 21:40:15.71811+01
1416688864.1778,dbt3,30866,10,mark,psql,,-1,2014-11-22 21:41:04.175911+01,2014-11-22 21:41:04.177698+01,2014-11-22 21:41:04.177698+01,f,"COPY (SELECT EXTRACT(EPOCH FROM TRANSACTION_TIMESTAMP()) AS ctime, relname, pid, mode, granted FROM pg_locks, pg_class WHERE relfilenode = relation ORDER BY relname) TO STDOUT (FORMAT CSV);",active,2014-11-22 21:41:04.177703+01
1416688864.1778,dbt3,30867,10,mark,psql,,-1,2014-11-22 21:41:04.175992+01,2014-11-22 21:41:04.177805+01,2014-11-22 21:41:04.177805+01,f,"COPY (SELECT EXTRACT(EPOCH FROM TRANSACTION_TIMESTAMP()) AS ctime, datname, pid, usesysid, usename, application_name, client_addr, client_port, backend_start, xact_start, query_start, waiting, query , state, state_change FROM pg_stat_activity) TO STDOUT (FORMAT CSV);",active,2014-11-22 21:41:04.17781+01
1416688864.1778,dbt3,30868,10,mark,psql,,-1,2014-11-22 21:41:04.176092+01,2014-11-22 21:41:04.177716+01,2014-11-22 21:41:04.177716+01,f,"COPY (SELECT EXTRACT(EPOCH FROM TRANSACTION_TIMESTAMP()) AS ctime, a.schemaname, a.relname, seq_scan, seq_tup_read, idx_scan, idx_tup_fetch, n_tup_ins, n_tup_upd, n_tup_del, n_tup_hot_upd, n_live_tup, n_dead_tup, heap_blks_read, heap_blks_hit, idx_blks_read, idx_blks_hit, toast_blks_read, toast_blks_hit, tidx_blks_read, tidx_blks_hit FROM pg_statio_all_tables a, pg_stat_all_tables b WHERE a.relid = b.relid) TO STDOUT (FORMAT CSV);",active,2014-11-22 21:41:04.17772+01
1416688864.1778,dbt3,30869,10,mark,psql,,-1,2014-11-22 21:41:04.176173+01,2014-11-22 21:41:04.177817+01,2014-11-22 21:41:04.177817+01,f,"COPY (SELECT EXTRACT(EPOCH FROM TRANSACTION_TIMESTAMP()) AS ctime, a.schemaname, a.relname, a.indexrelname, idx_scan, idx_tup_read, idx_tup_fetch, idx_blks_read, idx_blks_hit FROM pg_stat_all_indexes a, pg_statio_all_indexes b WHERE a.indexrelid = b.indexrelid) TO STDOUT (FORMAT CSV);",active,2014-11-22 21:41:04.177822+01
1416688864.1778,dbt3,30870,10,mark,psql,,-1,2014-11-22 21:41:04.176281+01,2014-11-22 21:41:04.177799+01,2014-11-22 21:41:04.177799+01,f,"COPY (SELECT EXTRACT(EPOCH FROM TRANSACTION_TIMESTAMP()) AS ctime, datname, numbackends, xact_commit, xact_rollback, blks_read, blks_hit, tup_returned, tup_fetched, tup_inserted, tup_updated, tup_deleted FROM pg_stat_database) TO STDOUT (FORMAT CSV);",active,2014-11-22 21:41:04.177804+01
1416688924.18033,dbt3,30858,10,mark,psql,,-1,2014-11-22 21:40:54.665026+01,2014-11-22 21:40:54.668321+01,2014-11-22 21:40:54.668728+01,f,"EXPLAIN (ANALYZE, BUFFERS)
select
	nation,
	o_year,
	sum(amount) as sum_profit
from
	(
		select
			n_name as nation,
			extract(year from o_orderdate) as o_year,
			l_extendedprice * (1 - l_discount) - ps_supplycost * l_quantity as amount
		from
			part,
			supplier,
			lineitem,
			partsupp,
			orders,
			nation
		where
			s_suppkey = l_suppkey
			and ps_suppkey = l_suppkey
			and ps_partkey = l_partkey
			and p_partkey = l_partkey
			and o_orderkey = l_orderkey
			and s_nationkey = n_nationkey
			and p_name like '%red%'
	) as profit
group by
	nation,
	o_year
order by
	nation,
	o_year desc;",active,2014-11-22 21:40:54.668731+01
1416688924.18033,dbt3,30882,10,mark,psql,,-1,2014-11-22 21:41:25.11112+01,2014-11-22 21:41:25.112843+01,2014-11-22 21:41:25.113033+01,f,"EXPLAIN (ANALYZE, BUFFERS)
select
	l_returnflag,
	l_linestatus,
	sum(l_quantity) as sum_qty,
	sum(l_extendedprice) as sum_base_price,
	sum(l_extendedprice * (1 - l_discount)) as sum_disc_price,
	sum(l_extendedprice * (1 - l_discount) * (1 + l_tax)) as sum_charge,
	avg(l_quantity) as avg_qty,
	avg(l_extendedprice) as avg_price,
	avg(l_discount) as avg_disc,
	count(*) as count_order
from
	lineitem
where
	l_shipdate <= date '1998-12-01' - interval '84 days'
group by
	l_returnflag,
	l_linestatus
order by
	l_returnflag,
	l_linestatus;",active,2014-11-22 21:41:25.113034+01
1416688924.18033,dbt3,30891,10,mark,psql,,-1,2014-11-22 21:42:04.177815+01,2014-11-22 21:42:04.180396+01,2014-11-22 21:42:04.180396+01,f,"COPY (SELECT EXTRACT(EPOCH FROM TRANSACTION_TIMESTAMP()) AS ctime, a.schemaname, a.relname, seq_scan, seq_tup_read, idx_scan, idx_tup_fetch, n_tup_ins, n_tup_upd, n_tup_del, n_tup_hot_upd, n_live_tup, n_dead_tup, heap_blks_read, heap_blks_hit, idx_blks_read, idx_blks_hit, toast_blks_read, toast_blks_hit, tidx_blks_read, tidx_blks_hit FROM pg_statio_all_tables a, pg_stat_all_tables b WHERE a.relid = b.relid) TO STDOUT (FORMAT CSV);",active,2014-11-22 21:42:04.180401+01
1416688924.18033,dbt3,30892,10,mark,psql,,-1,2014-11-22 21:42:04.17791+01,2014-11-22 21:42:04.18041+01,2014-11-22 21:42:04.18041+01,f,"COPY (SELECT EXTRACT(EPOCH FROM TRANSACTION_TIMESTAMP()) AS ctime, datname, numbackends, xact_commit, xact_rollback, blks_read, blks_hit, tup_returned, tup_fetched, tup_inserted, tup_updated, tup_deleted FROM pg_stat_database) TO STDOUT (FORMAT CSV);",active,2014-11-22 21:42:04.180416+01
1416688924.18033,dbt3,30893,10,mark,psql,,-1,2014-11-22 21:42:04.178008+01,2014-11-22 21:42:04.180332+01,2014-11-22 21:42:04.180332+01,f,"COPY (SELECT EXTRACT(EPOCH FROM TRANSACTION_TIMESTAMP()) AS ctime, datname, pid, usesysid, usename, application_name, client_addr, client_port, backend_start, xact_start, query_start, waiting, query , state, state_change FROM pg_stat_activity) TO STDOUT (FORMAT CSV);",active,2014-11-22 21:42:04.180338+01
1416688924.18033,dbt3,30894,10,mark,psql,,-1,2014-11-22 21:42:04.178087+01,2014-11-22 21:42:04.180446+01,2014-11-22 21:42:04.180446+01,f,"COPY (SELECT EXTRACT(EPOCH FROM TRANSACTION_TIMESTAMP()) AS ctime, relname, pid, mode, granted FROM pg_locks, pg_class WHERE relfilenode = relation ORDER BY relname) TO STDOUT (FORMAT CSV);",active,2014-11-22 21:42:04.18045+01
1416688924.18033,dbt3,30895,10,mark,psql,,-1,2014-11-22 21:42:04.178185+01,2014-11-22 21:42:04.180442+01,2014-11-22 21:42:04.180442+01,f,"COPY (SELECT EXTRACT(EPOCH FROM TRANSACTION_TIMESTAMP()) AS ctime, a.schemaname, a.relname, a.indexrelname, idx_scan, idx_tup_read, idx_tup_fetch, idx_blks_read, idx_blks_hit FROM pg_stat_all_indexes a, pg_statio_all_indexes b WHERE a.indexrelid = b.indexrelid) TO STDOUT (FORMAT CSV);",active,2014-11-22 21:42:04.180447+01
1416688984.18157,dbt3,30919,10,mark,psql,,-1,2014-11-22 21:42:23.633946+01,2014-11-22 21:42:23.635559+01,2014-11-22 21:42:23.635734+01,f,"EXPLAIN (ANALYZE, BUFFERS)
select
	l_returnflag,
	l_linestatus,
	sum(l_quantity) as sum_qty,
	sum(l_extendedprice) as sum_base_price,
	sum(l_extendedprice * (1 - l_discount)) as sum_disc_price,
	sum(l_extendedprice * (1 - l_discount) * (1 + l_tax)) as sum_charge,
	avg(l_quantity) as avg_qty,
	avg(l_extendedprice) as avg_price,
	avg(l_discount) as avg_disc,
	count(*) as count_order
from
	lineitem
where
	l_shipdate <= date '1998-12-01' - interval '76 days'
group by
	l_returnflag,
	l_linestatus
order by
	l_returnflag,
	l_linestatus;",active,2014-11-22 21:42:23.635736+01
1416688984.18157,dbt3,30932,10,mark,psql,,-1,2014-11-22 21:42:57.209806+01,2014-11-22 21:42:57.211406+01,2014-11-22 21:42:57.211591+01,f,"EXPLAIN (ANALYZE, BUFFERS)
select
	o_orderpriority,
	count(*) as order_count
from
	orders
where
	o_orderdate >= date '1996-02-01'
	and o_orderdate < cast(date '1996-02-01' + interval '3 month' as date)
	and exists (
		select
			*
		from
			lineitem
		where
			l_orderkey = o_orderkey
			and l_commitdate < l_receiptdate
	)
group by
	o_orderpriority
order by
	o_orderpriority;",active,2014-11-22 21:42:57.211593+01
1416688984.18157,dbt3,30941,10,mark,psql,,-1,2014-11-22 21:43:04.179549+01,2014-11-22 21:43:04.181571+01,2014-11-22 21:43:04.181571+01,f,"COPY (SELECT EXTRACT(EPOCH FROM TRANSACTION_TIMESTAMP()) AS ctime, datname, pid, usesysid, usename, application_name, client_addr, client_port, backend_start, xact_start, query_start, waiting, query , state, state_change FROM pg_stat_activity) TO STDOUT (FORMAT CSV);",active,2014-11-22 21:43:04.181577+01
1416688984.18157,dbt3,30942,10,mark,psql,,-1,2014-11-22 21:43:04.17962+01,2014-11-22 21:43:04.181579+01,2014-11-22 21:43:04.181579+01,f,"COPY (SELECT EXTRACT(EPOCH FROM TRANSACTION_TIMESTAMP()) AS ctime, datname, numbackends, xact_commit, xact_rollback, blks_read, blks_hit, tup_returned, tup_fetched, tup_inserted, tup_updated, tup_deleted FROM pg_stat_database) TO STDOUT (FORMAT CSV);",active,2014-11-22 21:43:04.181583+01
1416688984.18157,dbt3,30940,10,mark,psql,,-1,2014-11-22 21:43:04.179456+01,2014-11-22 21:43:04.181573+01,2014-11-22 21:43:04.181573+01,f,"COPY (SELECT EXTRACT(EPOCH FROM TRANSACTION_TIMESTAMP()) AS ctime, a.schemaname, a.relname, seq_scan, seq_tup_read, idx_scan, idx_tup_fetch, n_tup_ins, n_tup_upd, n_tup_del, n_tup_hot_upd, n_live_tup, n_dead_tup, heap_blks_read, heap_blks_hit, idx_blks_read, idx_blks_hit, toast_blks_read, toast_blks_hit, tidx_blks_read, tidx_blks_hit FROM pg_statio_all_tables a, pg_stat_all_tables b WHERE a.relid = b.relid) TO STDOUT (FORMAT CSV);",active,2014-11-22 21:43:04.181578+01
1416688984.18157,dbt3,30943,10,mark,psql,,-1,2014-11-22 21:43:04.179732+01,2014-11-22 21:43:04.181574+01,2014-11-22 21:43:04.181574+01,f,"COPY (SELECT EXTRACT(EPOCH FROM TRANSACTION_TIMESTAMP()) AS ctime, relname, pid, mode, granted FROM pg_locks, pg_class WHERE relfilenode = relation ORDER BY relname) TO STDOUT (FORMAT CSV);",active,2014-11-22 21:43:04.181579+01
1416688984.18157,dbt3,30944,10,mark,psql,,-1,2014-11-22 21:43:04.179817+01,2014-11-22 21:43:04.181544+01,2014-11-22 21:43:04.181544+01,f,"COPY (SELECT EXTRACT(EPOCH FROM TRANSACTION_TIMESTAMP()) AS ctime, a.schemaname, a.relname, a.indexrelname, idx_scan, idx_tup_read, idx_tup_fetch, idx_blks_read, idx_blks_hit FROM pg_stat_all_indexes a, pg_statio_all_indexes b WHERE a.indexrelid = b.indexrelid) TO STDOUT (FORMAT CSV);",active,2014-11-22 21:43:04.181549+01
1416689044.18333,dbt3,31005,10,mark,psql,,-1,2014-11-22 21:44:02.160206+01,2014-11-22 21:44:02.162014+01,2014-11-22 21:44:02.16224+01,f,"EXPLAIN (ANALYZE, BUFFERS)
select
	s_name,
	count(*) as numwait
from
	supplier,
	lineitem l1,
	orders,
	nation
where
	s_suppkey = l1.l_suppkey
	and o_orderkey = l1.l_orderkey
	and o_orderstatus = 'F'
	and l1.l_receiptdate > l1.l_commitdate
	and exists (
		select
			*
		from
			lineitem l2
		where
			l2.l_orderkey = l1.l_orderkey
			and l2.l_suppkey <> l1.l_suppkey
	)
	and not exists (
		select
			*
		from
			lineitem l3
		where
			l3.l_orderkey = l1.l_orderkey
			and l3.l_suppkey <> l1.l_suppkey
			and l3.l_receiptdate > l3.l_commitdate
	)
	and s_nationkey = n_nationkey
	and n_name = 'INDIA'
group by
	s_name
order by
	numwait desc,
	s_name
LIMIT 100;",active,2014-11-22 21:44:02.162242+01
1416689044.18333,dbt3,30993,10,mark,psql,,-1,2014-11-22 21:43:55.295088+01,2014-11-22 21:43:55.296829+01,2014-11-22 21:43:55.296987+01,f,"EXPLAIN (ANALYZE, BUFFERS)
select
	o_orderpriority,
	count(*) as order_count
from
	orders
where
	o_orderdate >= date '1993-08-01'
	and o_orderdate < cast(date '1993-08-01' + interval '3 month' as date)
	and exists (
		select
			*
		from
			lineitem
		where
			l_orderkey = o_orderkey
			and l_commitdate < l_receiptdate
	)
group by
	o_orderpriority
order by
	o_orderpriority;",active,2014-11-22 21:43:55.296989+01
1416689044.18333,dbt3,31014,10,mark,psql,,-1,2014-11-22 21:44:04.181414+01,2014-11-22 21:44:04.183388+01,2014-11-22 21:44:04.183388+01,f,"COPY (SELECT EXTRACT(EPOCH FROM TRANSACTION_TIMESTAMP()) AS ctime, a.schemaname, a.relname, seq_scan, seq_tup_read, idx_scan, idx_tup_fetch, n_tup_ins, n_tup_upd, n_tup_del, n_tup_hot_upd, n_live_tup, n_dead_tup, heap_blks_read, heap_blks_hit, idx_blks_read, idx_blks_hit, toast_blks_read, toast_blks_hit, tidx_blks_read, tidx_blks_hit FROM pg_statio_all_tables a, pg_stat_all_tables b WHERE a.relid = b.relid) TO STDOUT (FORMAT CSV);",active,2014-11-22 21:44:04.183393+01
1416689044.18333,dbt3,31013,10,mark,psql,,-1,2014-11-22 21:44:04.181307+01,2014-11-22 21:44:04.183326+01,2014-11-22 21:44:04.183326+01,f,"COPY (SELECT EXTRACT(EPOCH FROM TRANSACTION_TIMESTAMP()) AS ctime, datname, pid, usesysid, usename, application_name, client_addr, client_port, backend_start, xact_start, query_start, waiting, query , state, state_change FROM pg_stat_activity) TO STDOUT (FORMAT CSV);",active,2014-11-22 21:44:04.18333+01
1416689044.18333,dbt3,31016,10,mark,psql,,-1,2014-11-22 21:44:04.181595+01,2014-11-22 21:44:04.183293+01,2014-11-22 21:44:04.183293+01,f,"COPY (SELECT EXTRACT(EPOCH FROM TRANSACTION_TIMESTAMP()) AS ctime, relname, pid, mode, granted FROM pg_locks, pg_class WHERE relfilenode = relation ORDER BY relname) TO STDOUT (FORMAT CSV);",active,2014-11-22 21:44:04.183299+01
1416689044.18333,dbt3,31017,10,mark,psql,,-1,2014-11-22 21:44:04.181706+01,2014-11-22 21:44:04.183375+01,2014-11-22 21:44:04.183375+01,f,"COPY (SELECT EXTRACT(EPOCH FROM TRANSACTION_TIMESTAMP()) AS ctime, a.schemaname, a.relname, a.indexrelname, idx_scan, idx_tup_read, idx_tup_fetch, idx_blks_read, idx_blks_hit FROM pg_stat_all_indexes a, pg_statio_all_indexes b WHERE a.indexrelid = b.indexrelid) TO STDOUT (FORMAT CSV);",active,2014-11-22 21:44:04.183381+01
1416689044.18333,dbt3,31015,10,mark,psql,,-1,2014-11-22 21:44:04.181484+01,2014-11-22 21:44:04.184034+01,2014-11-22 21:44:04.184034+01,f,"COPY (SELECT EXTRACT(EPOCH FROM TRANSACTION_TIMESTAMP()) AS ctime, datname, numbackends, xact_commit, xact_rollback, blks_read, blks_hit, tup_returned, tup_fetched, tup_inserted, tup_updated, tup_deleted FROM pg_stat_database) TO STDOUT (FORMAT CSV);",active,2014-11-22 21:44:04.184038+01
